operator_code,fleet_prefix,model_name,across_record_id,listed_bus_count,source_url
Argos,,Argos Bus Fleet (Miscellaneous),215,197,https://1005.idv.hk/index.php?page=11&p=215
Bigbus,,Bigbus (HK) Dennis Condor,292,7,https://1005.idv.hk/index.php?page=11&p=292
Bigbus,,Bigbus (HK) Dennis Dominator,293,3,https://1005.idv.hk/index.php?page=11&p=293
Bigbus,,Bigbus Ankai HFF6110GS-2,309,18,https://1005.idv.hk/index.php?page=11&p=309
CLP,,CLP ADL E500EV,439,4,https://1005.idv.hk/index.php?page=11&p=439
CLP,,CLP Alexander Dennis Enviro 500 (3),297,5,https://1005.idv.hk/index.php?page=11&p=297
CLP,,CLP Alexander Dennis Enviro 500 MMC (3),374,1,https://1005.idv.hk/index.php?page=11&p=374
CLP,,CLP Leyland Olympian 12m Coach (3),92,15,https://1005.idv.hk/index.php?page=11&p=92
CLP,,CLP Volvo Olympian 12m Coach (3),93,2,https://1005.idv.hk/index.php?page=11&p=93
CMB,,CMB Guy Arab UF (6),171,16,https://1005.idv.hk/index.php?page=11&p=171
CMB,,CMB Guy Arab V (Short Wheelbase) (7),173,34,https://1005.idv.hk/index.php?page=11&p=173
CMB,AL,CMB Ailsa Volvo (AL),147,2,https://1005.idv.hk/index.php?page=11&p=147
CMB,AM,CMB Albion Viking (AM),167,1,https://1005.idv.hk/index.php?page=11&p=167
CMB,APD,CMB Leyland Titan (APD),159,1,https://1005.idv.hk/index.php?page=11&p=159
CMB,AV,CMB Ailsa Volvo B55 (AV),161,8,https://1005.idv.hk/index.php?page=11&p=161
CMB,BR,CMB Leyland Olympian 9.5m/ 10.3m (BR),148,2,https://1005.idv.hk/index.php?page=11&p=148
CMB,CM,CMB MCW Metrorider (CM),166,2,https://1005.idv.hk/index.php?page=11&p=166
CMB,CX,CMB Dennis Dart (Marshall Body) (CX),175,11,https://1005.idv.hk/index.php?page=11&p=175
CMB,DA,CMB Dennis Condor (Air-cond.) (DA),176,95,https://1005.idv.hk/index.php?page=11&p=176
CMB,DC,CMB Dennis Dart (Carlyle Body) (DC),179,20,https://1005.idv.hk/index.php?page=11&p=179
CMB,DD,CMB Dennis Dominator (DD),151,1,https://1005.idv.hk/index.php?page=11&p=151
CMB,DL,CMB Dennis Condor 12m (DL),141,48,https://1005.idv.hk/index.php?page=11&p=141
CMB,DM,CMB Dennis Condor 11m (DM),180,28,https://1005.idv.hk/index.php?page=11&p=180
CMB,DS,CMB Dennis Jubilant (DS),142,30,https://1005.idv.hk/index.php?page=11&p=142
CMB,FC,CMB Daimler Fleetline (Park Royal Body) (FC),153,1,https://1005.idv.hk/index.php?page=11&p=153
CMB,HA,CMB Leyland Atlantean (HA),156,3,https://1005.idv.hk/index.php?page=11&p=156
CMB,LA,CMB Leyland Atlantean (LA),155,18,https://1005.idv.hk/index.php?page=11&p=155
CMB,LA,CMB Leyland Olympian 11m (Air-cond.) (LA),177,25,https://1005.idv.hk/index.php?page=11&p=177
CMB,LF,CMB Daimler/ Leyland Fleetline (LF),144,308,https://1005.idv.hk/index.php?page=11&p=144
CMB,LM,CMB Leyland Olympian 11m (LM),143,10,https://1005.idv.hk/index.php?page=11&p=143
CMB,LS,CMB Guy Arab V (LS),165,56,https://1005.idv.hk/index.php?page=11&p=165
CMB,LV,CMB Leyland Victory Mk II (LV),146,167,https://1005.idv.hk/index.php?page=11&p=146
CMB,LW,CMB Dennis Loline V (LW),170,1,https://1005.idv.hk/index.php?page=11&p=170
CMB,LW,CMB Guy Arab IV (LW),172,11,https://1005.idv.hk/index.php?page=11&p=172
CMB,LW,CMB Guy Arab V (LW),169,110,https://1005.idv.hk/index.php?page=11&p=169
CMB,LX,CMB Guy Arab V (LX),162,309,https://1005.idv.hk/index.php?page=11&p=162
CMB,M,CMB Guy Arab V (M),163,44,https://1005.idv.hk/index.php?page=11&p=163
CMB,MB,CMB MCW Metrobus 11m (MB),139,40,https://1005.idv.hk/index.php?page=11&p=139
CMB,MC,CMB MCW Metrobus 9.7m (MC),181,12,https://1005.idv.hk/index.php?page=11&p=181
CMB,ML,CMB MCW Metrobus 12m (ML),140,84,https://1005.idv.hk/index.php?page=11&p=140
CMB,MS,CMB MCW Metropolitan (MS),160,2,https://1005.idv.hk/index.php?page=11&p=160
CMB,MW,CMB Guy Arab IV (MW),8,17,https://1005.idv.hk/index.php?page=11&p=8
CMB,PD,CMB Leyland Titan (PD),157,80,https://1005.idv.hk/index.php?page=11&p=157
CMB,PD,CMB Leyland Titan (PD5),158,33,https://1005.idv.hk/index.php?page=11&p=158
CMB,RLX,CMB Daimler/ Leyland Fleetline (SF),145,32,https://1005.idv.hk/index.php?page=11&p=145
CMB,S,CMB Guy Arab V (S),164,49,https://1005.idv.hk/index.php?page=11&p=164
CMB,SD,CMB Dennis Dominator (SD),150,6,https://1005.idv.hk/index.php?page=11&p=150
CMB,SF,CMB Daimler/ Leyland Fleetline (SF),145,32,https://1005.idv.hk/index.php?page=11&p=145
CMB,SM,CMB Seddon Minibus (SM),168,1,https://1005.idv.hk/index.php?page=11&p=168
CMB,T,CMB Training Fleet (T),7,21,https://1005.idv.hk/index.php?page=11&p=7
CMB,TC,CMB Titan B45 (TC),149,1,https://1005.idv.hk/index.php?page=11&p=149
CMB,VA,CMB Volvo Olympian 11m (Air-cond.) (VA),178,66,https://1005.idv.hk/index.php?page=11&p=178
CMB,VC,CMB Volvo B6LE (VC),174,1,https://1005.idv.hk/index.php?page=11&p=174
CMB,XA,CMB Leyland Atlantean (XA),154,50,https://1005.idv.hk/index.php?page=11&p=154
CMB,XF,CMB Daimler Fleetline (Park Royal Body) (XF),152,206,https://1005.idv.hk/index.php?page=11&p=152
CityBus,,CityBus ADL Enviro 500MMC 12.8m Coach (68),385,101,https://1005.idv.hk/index.php?page=11&p=385
Citybus,,Citybus AEC Routemaster,58,3,https://1005.idv.hk/index.php?page=11&p=58
Citybus,,"Citybus Alexander Dennis Enviro 500 12m (509,81,82,83)",277,252,https://1005.idv.hk/index.php?page=11&p=277
Citybus,,Citybus Alexander Dennis Enviro 500 Hybrid (84),349,2,https://1005.idv.hk/index.php?page=11&p=349
Citybus,,"Citybus Alexander Dennis Enviro 500 MMC 11.3m (409,91)",333,77,https://1005.idv.hk/index.php?page=11&p=333
Citybus,,"Citybus Alexander Dennis Enviro 500 MMC 12.8m (63,64,65)",343,301,https://1005.idv.hk/index.php?page=11&p=343
Citybus,,"Citybus Alexander Dennis Enviro 500 MMC 12m (2,599,83,84,85)",335,273,https://1005.idv.hk/index.php?page=11&p=335
Citybus,,Citybus Alexander Dennis Enviro 500 MMC 12m(Cityflyer) (80),329,66,https://1005.idv.hk/index.php?page=11&p=329
Citybus,,Citybus BYD K9R (15),367,3,https://1005.idv.hk/index.php?page=11&p=367
Citybus,,Citybus Dennis Condor 11m Open-topped (3rd hand),211,2,https://1005.idv.hk/index.php?page=11&p=211
Citybus,,Citybus Dennis Dart (3rd hand) (14),82,10,https://1005.idv.hk/index.php?page=11&p=82
Citybus,,Citybus Dennis Dart / Dart SLF (Plaxton Body) (14),80,37,https://1005.idv.hk/index.php?page=11&p=80
Citybus,,Citybus Dennis Dominator,191,3,https://1005.idv.hk/index.php?page=11&p=191
Citybus,,Citybus Dennis Dominator,193,1,https://1005.idv.hk/index.php?page=11&p=193
Citybus,,Citybus Dennis Dragon 10.3m (7),72,40,https://1005.idv.hk/index.php?page=11&p=72
Citybus,,Citybus Dennis Dragon 12m (8),73,93,https://1005.idv.hk/index.php?page=11&p=73
Citybus,,Citybus Dennis Dragon 12m (HACTL),185,4,https://1005.idv.hk/index.php?page=11&p=185
Citybus,,Citybus Dennis Trident 10.3m (8),352,14,https://1005.idv.hk/index.php?page=11&p=352
Citybus,,Citybus Dennis Trident 10.6m (27),89,1,https://1005.idv.hk/index.php?page=11&p=89
Citybus,,"Citybus Dennis Trident 12m (22,23)",87,128,https://1005.idv.hk/index.php?page=11&p=87
Citybus,,Citybus Dennis Trident 12m Coach (21),86,66,https://1005.idv.hk/index.php?page=11&p=86
Citybus,,"Citybus Enviro 400 (310,70)",306,64,https://1005.idv.hk/index.php?page=11&p=306
Citybus,,Citybus Isuzu ECM430 (2),255,1,https://1005.idv.hk/index.php?page=11&p=255
Citybus,,Citybus Leyland Olympian,194,7,https://1005.idv.hk/index.php?page=11&p=194
Citybus,,Citybus Leyland Olympian,195,7,https://1005.idv.hk/index.php?page=11&p=195
Citybus,,Citybus Leyland Olympian 10.4m (2),63,34,https://1005.idv.hk/index.php?page=11&p=63
Citybus,,Citybus Leyland Olympian 11m Coach (1),62,100,https://1005.idv.hk/index.php?page=11&p=62
Citybus,,Citybus Leyland Olympian 12m (3),69,55,https://1005.idv.hk/index.php?page=11&p=69
Citybus,,Citybus Leyland Olympian 12m Coach,59,6,https://1005.idv.hk/index.php?page=11&p=59
Citybus,,Citybus Leyland Olympian 12m Coach (2nd hand) (3),65,5,https://1005.idv.hk/index.php?page=11&p=65
Citybus,,Citybus Leyland Olympian 12m Coach (3),68,11,https://1005.idv.hk/index.php?page=11&p=68
Citybus,,Citybus Leyland Victory,246,11,https://1005.idv.hk/index.php?page=11&p=246
Citybus,,Citybus MAN 24.350 (25),88,2,https://1005.idv.hk/index.php?page=11&p=88
Citybus,,Citybus MAN NL-262 (15),83,86,https://1005.idv.hk/index.php?page=11&p=83
Citybus,,Citybus MCW Metrobus Mk I,196,7,https://1005.idv.hk/index.php?page=11&p=196
Citybus,,Citybus MCW Metrobus Mk I,197,5,https://1005.idv.hk/index.php?page=11&p=197
Citybus,,Citybus Mercedes Benz OF1113 (12),248,12,https://1005.idv.hk/index.php?page=11&p=248
Citybus,,Citybus Mitsubishi MK618N (12),251,1,https://1005.idv.hk/index.php?page=11&p=251
Citybus,,Citybus Mitsubishi MP117K (2),257,1,https://1005.idv.hk/index.php?page=11&p=257
Citybus,,Citybus Mitsubishi Mk117J (12),249,4,https://1005.idv.hk/index.php?page=11&p=249
Citybus,,Citybus Neoplan Norinco BN316 (18),84,6,https://1005.idv.hk/index.php?page=11&p=84
Citybus,,Citybus Nissan 4R95 (2),258,1,https://1005.idv.hk/index.php?page=11&p=258
Citybus,,Citybus Nissan BM115L (2),254,1,https://1005.idv.hk/index.php?page=11&p=254
Citybus,,Citybus Nissan Minibus (2),247,3,https://1005.idv.hk/index.php?page=11&p=247
Citybus,,Citybus Nissan R85H (2),253,22,https://1005.idv.hk/index.php?page=11&p=253
Citybus,,Citybus Nissan U20N (2),256,2,https://1005.idv.hk/index.php?page=11&p=256
Citybus,,Citybus Scania K280UD (89),319,1,https://1005.idv.hk/index.php?page=11&p=319
Citybus,,Citybus Scania K93 (12),250,6,https://1005.idv.hk/index.php?page=11&p=250
Citybus,,Citybus Scania K94UB 6x2 (28),90,2,https://1005.idv.hk/index.php?page=11&p=90
Citybus,,Citybus Training Fleet,318,0,https://1005.idv.hk/index.php?page=11&p=318
Citybus,,Citybus Volvo B10M (12),77,16,https://1005.idv.hk/index.php?page=11&p=77
Citybus,,Citybus Volvo B12 (20),85,5,https://1005.idv.hk/index.php?page=11&p=85
Citybus,,Citybus Volvo B6R/B6LE (13),78,64,https://1005.idv.hk/index.php?page=11&p=78
Citybus,,"Citybus Volvo B8L (521,88)",408,114,https://1005.idv.hk/index.php?page=11&p=408
Citybus,,"Citybus Volvo B9TL 10.4m (2-axle) (320,75)",312,3,https://1005.idv.hk/index.php?page=11&p=312
Citybus,,Citybus Volvo B9TL 11.3m (95),364,68,https://1005.idv.hk/index.php?page=11&p=364
Citybus,,Citybus Volvo B9TL 12.8m (65),355,1,https://1005.idv.hk/index.php?page=11&p=355
Citybus,,Citybus Volvo Olympian 10.4m (2),64,10,https://1005.idv.hk/index.php?page=11&p=64
Citybus,,Citybus Volvo Olympian 11m (9),75,202,https://1005.idv.hk/index.php?page=11&p=75
Citybus,,"Citybus Volvo Olympian 12m (3,4,5,6)",67,336,https://1005.idv.hk/index.php?page=11&p=67
Citybus,,Citybus Volvo Olympian 12m Coach (2nd hand) (3),66,2,https://1005.idv.hk/index.php?page=11&p=66
Citybus,,Citybus Volvo Super Olympian 12m (2),402,21,https://1005.idv.hk/index.php?page=11&p=402
Citybus,,Citybus Yixing Great Dragon SDL6120EVG (15),378,3,https://1005.idv.hk/index.php?page=11&p=378
Citybus,,Citybus Youngman JNP6105GR (18),322,16,https://1005.idv.hk/index.php?page=11&p=322
Citybus,,Citybus Youngman JNP6120GR (18),357,16,https://1005.idv.hk/index.php?page=11&p=357
Citybus,A,"Citybus Leyland Atlantean AN68 (6,A6)",115,101,https://1005.idv.hk/index.php?page=11&p=115
Citybus,B,Citybus Bristol Lodekka (B),188,1,https://1005.idv.hk/index.php?page=11&p=188
Citybus,D,Citybus Daimler Fleetline,187,2,https://1005.idv.hk/index.php?page=11&p=187
Citybus,D,Citybus Daimler Fleetline,189,23,https://1005.idv.hk/index.php?page=11&p=189
Citybus,D,Citybus Daimler Fleetline (D),186,21,https://1005.idv.hk/index.php?page=11&p=186
Citybus,L,Citybus Daimler Fleetline,187,2,https://1005.idv.hk/index.php?page=11&p=187
Citybus,L,Citybus Daimler Fleetline,192,3,https://1005.idv.hk/index.php?page=11&p=192
Citybus,L,Citybus Daimler Fleetline (D),186,21,https://1005.idv.hk/index.php?page=11&p=186
Citybus,L,Citybus Leyland Atlantean,190,1,https://1005.idv.hk/index.php?page=11&p=190
Citybus,T,Citybus Training Fleet (T),91,12,https://1005.idv.hk/index.php?page=11&p=91
Citybus,V,Citybus Ailsa Volvo B55 (V),252,1,https://1005.idv.hk/index.php?page=11&p=252
Citybus,VA,Citybus Volvo Olympian (Temporary Bus Fleet) (VA),216,5,https://1005.idv.hk/index.php?page=11&p=216
DBTSL,DBAY,DBTSL CRRC CSR6780KLEV1R,450,2,https://1005.idv.hk/index.php?page=11&p=450
DBTSL,DBAY,DBTSL Daewoo BH117L,388,2,https://1005.idv.hk/index.php?page=11&p=388
DBTSL,DBAY,DBTSL Dennis Dart SLF,201,10,https://1005.idv.hk/index.php?page=11&p=201
DBTSL,DBAY,DBTSL Enviro 200,340,7,https://1005.idv.hk/index.php?page=11&p=340
DBTSL,DBAY,DBTSL Guangtong GTK6125R6D,448,2,https://1005.idv.hk/index.php?page=11&p=448
DBTSL,DBAY,DBTSL Guangtong GTK6129BEVB,445,1,https://1005.idv.hk/index.php?page=11&p=445
DBTSL,DBAY,DBTSL MAN 12.240,294,2,https://1005.idv.hk/index.php?page=11&p=294
DBTSL,DBAY,DBTSL MAN 13.220,226,4,https://1005.idv.hk/index.php?page=11&p=226
DBTSL,DBAY,DBTSL MAN 14.220,227,4,https://1005.idv.hk/index.php?page=11&p=227
DBTSL,DBAY,DBTSL MAN 18.310,267,12,https://1005.idv.hk/index.php?page=11&p=267
DBTSL,DBAY,DBTSL MAN A66,395,4,https://1005.idv.hk/index.php?page=11&p=395
DBTSL,DBAY,DBTSL MAN A84,354,1,https://1005.idv.hk/index.php?page=11&p=354
DBTSL,DBAY,DBTSL MAN A95,391,9,https://1005.idv.hk/index.php?page=11&p=391
DBTSL,DBAY,DBTSL MAN NL-212,220,4,https://1005.idv.hk/index.php?page=11&p=220
DBTSL,DBAY,DBTSL MAN NL-262,229,19,https://1005.idv.hk/index.php?page=11&p=229
DBTSL,DBAY,DBTSL MAN NL-263,228,24,https://1005.idv.hk/index.php?page=11&p=228
DBTSL,DBAY,DBTSL MAN NL-273,300,5,https://1005.idv.hk/index.php?page=11&p=300
DBTSL,DBAY,DBTSL MAN NL323,317,14,https://1005.idv.hk/index.php?page=11&p=317
DBTSL,DBAY,DBTSL MAN NL323,419,4,https://1005.idv.hk/index.php?page=11&p=419
DBTSL,DBAY,DBTSL MAN RR2,392,1,https://1005.idv.hk/index.php?page=11&p=392
DBTSL,DBAY,DBTSL Mercedes Benz O405,222,5,https://1005.idv.hk/index.php?page=11&p=222
DBTSL,DBAY,DBTSL Mitsubishi Rosa,241,7,https://1005.idv.hk/index.php?page=11&p=241
DBTSL,DBAY,DBTSL Scania K280IB,383,2,https://1005.idv.hk/index.php?page=11&p=383
DBTSL,DBAY,DBTSL Toyota Coaster,231,18,https://1005.idv.hk/index.php?page=11&p=231
DBTSL,DBAY,DBTSL Volvo B7R,320,2,https://1005.idv.hk/index.php?page=11&p=320
DBTSL,DBAY,DBTSL Volvo B9TL,360,6,https://1005.idv.hk/index.php?page=11&p=360
DBTSL,DBAY,DBTSL Volvo Olympian 12m,381,4,https://1005.idv.hk/index.php?page=11&p=381
DBTSL,HKR,DBTSL Dennis Dart (Carlyle Body),230,3,https://1005.idv.hk/index.php?page=11&p=230
DBTSL,HKR,DBTSL Dennis Dart SLF,201,10,https://1005.idv.hk/index.php?page=11&p=201
DBTSL,HKR,DBTSL Isuzu LT112L,224,9,https://1005.idv.hk/index.php?page=11&p=224
DBTSL,HKR,DBTSL MAN 13.220,226,4,https://1005.idv.hk/index.php?page=11&p=226
DBTSL,HKR,DBTSL MAN 14.220,227,4,https://1005.idv.hk/index.php?page=11&p=227
DBTSL,HKR,DBTSL MAN 18.310,267,12,https://1005.idv.hk/index.php?page=11&p=267
DBTSL,HKR,DBTSL MAN NL-212,220,4,https://1005.idv.hk/index.php?page=11&p=220
DBTSL,HKR,DBTSL MAN NL-262,229,19,https://1005.idv.hk/index.php?page=11&p=229
DBTSL,HKR,DBTSL MAN NL-263,228,24,https://1005.idv.hk/index.php?page=11&p=228
DBTSL,HKR,DBTSL Mercedes Benz O405,222,5,https://1005.idv.hk/index.php?page=11&p=222
DBTSL,HKR,DBTSL Mercedes Benz O814,221,2,https://1005.idv.hk/index.php?page=11&p=221
DBTSL,HKR,DBTSL Mitsubishi Rosa,225,4,https://1005.idv.hk/index.php?page=11&p=225
DBTSL,HKR,DBTSL Mitsubishi Rosa,241,7,https://1005.idv.hk/index.php?page=11&p=241
DBTSL,HKR,DBTSL Nissan Diesel RB80,223,2,https://1005.idv.hk/index.php?page=11&p=223
DBTSL,HKR,DBTSL Toyota Coaster,231,18,https://1005.idv.hk/index.php?page=11&p=231
Fung,,Fung Choi Travel Leyland Olympian 12m Coach,94,1,https://1005.idv.hk/index.php?page=11&p=94
HACTL,,HACTL Dennis Dragon 12m,10,4,https://1005.idv.hk/index.php?page=11&p=10
HACTL,,HACTL Volvo Olympian 12m,11,2,https://1005.idv.hk/index.php?page=11&p=11
HZMBus,,HZMBus MAN A95,398,60,https://1005.idv.hk/index.php?page=11&p=398
HZMBus,,HZMBus MAN RR4,444,12,https://1005.idv.hk/index.php?page=11&p=444
HZMBus,,HZMBus Miscellaneous Fleet,403,66,https://1005.idv.hk/index.php?page=11&p=403
HZMBus,,HZMBus Scania K250UB,399,40,https://1005.idv.hk/index.php?page=11&p=399
HZMBus,,HZMBus Scania K410CB,438,8,https://1005.idv.hk/index.php?page=11&p=438
HZMBus,,HZMBus Scania K410IB,404,53,https://1005.idv.hk/index.php?page=11&p=404
HZMBus,,HZMBus Volvo B13R,442,12,https://1005.idv.hk/index.php?page=11&p=442
KCM,,KCM Dennis Trident 12m,339,9,https://1005.idv.hk/index.php?page=11&p=339
KCM,,KCM MAN A95,363,9,https://1005.idv.hk/index.php?page=11&p=363
KCRC,,KCRC Dennis Dart (5),102,4,https://1005.idv.hk/index.php?page=11&p=102
KCRC,,KCRC Dennis Trident 10.6m (7),235,47,https://1005.idv.hk/index.php?page=11&p=235
KCRC,,KCRC Dennis Trident 11.3m (6),103,28,https://1005.idv.hk/index.php?page=11&p=103
KCRC,,KCRC Leyland Olympian 11m (2),96,24,https://1005.idv.hk/index.php?page=11&p=96
KCRC,,KCRC MCW Metrobus 9.7m (1),95,59,https://1005.idv.hk/index.php?page=11&p=95
KCRC,,KCRC Mitsubishi BM117L (3),100,6,https://1005.idv.hk/index.php?page=11&p=100
KCRC,,KCRC Mitsubishi MP618N (3),99,1,https://1005.idv.hk/index.php?page=11&p=99
KCRC,,KCRC Mitsubishi Mk218 (3),98,11,https://1005.idv.hk/index.php?page=11&p=98
KCRC,,KCRC Mitsubishi Rosa (1),260,1,https://1005.idv.hk/index.php?page=11&p=260
KCRC,,KCRC Toyota Coaster (1),259,12,https://1005.idv.hk/index.php?page=11&p=259
KCRC,,KCRC Volvo B10M (4),101,15,https://1005.idv.hk/index.php?page=11&p=101
KCRC,,KCRC Volvo Olympian 11m (2),97,15,https://1005.idv.hk/index.php?page=11&p=97
KCRC,K,KCRC Temporary Bus Fleet (K),104,43,https://1005.idv.hk/index.php?page=11&p=104
KMB,2A,KMB AEC Regent V (2A),245,28,https://1005.idv.hk/index.php?page=11&p=245
KMB,2D,KMB Daimler Fleetline (2D),137,107,https://1005.idv.hk/index.php?page=11&p=137
KMB,2L,KMB Leyland Atlantean PDR1/1 (2L),136,71,https://1005.idv.hk/index.php?page=11&p=136
KMB,2L,KMB Leyland Titan PD3/5 (2L),135,3,https://1005.idv.hk/index.php?page=11&p=135
KMB,3AD,KMB Dennis Dragon 12m (A/C) (3AD),23,170,https://1005.idv.hk/index.php?page=11&p=23
KMB,3ASV,KMB Volvo Super Olympian 12m (Alexander Body/Volgren Body) (3ASV),3,493,https://1005.idv.hk/index.php?page=11&p=3
KMB,3ATENU,"KMB Alexander Dennis Enviro 500 MMC 12.8m (3ATENU,E5L)",342,224,https://1005.idv.hk/index.php?page=11&p=342
KMB,3ATENUW,"KMB Alexander Dennis Enviro 500 MMC 12.8m (3ATENU,E5L)",342,224,https://1005.idv.hk/index.php?page=11&p=342
KMB,3AV,KMB Training Fleet,33,170,https://1005.idv.hk/index.php?page=11&p=33
KMB,3AV,KMB Volvo Olympian 12m (A/C) (3AV),24,348,https://1005.idv.hk/index.php?page=11&p=24
KMB,3AVBWU,KMB Volvo B9TL 12.8m (3AVBWU),344,2,https://1005.idv.hk/index.php?page=11&p=344
KMB,3BL,KMB Leyland Olympian 12m (3BL),38,163,https://1005.idv.hk/index.php?page=11&p=38
KMB,3M,KMB MCW Metrobus 12m (3M),45,3,https://1005.idv.hk/index.php?page=11&p=45
KMB,3M,KMB Training Fleet,33,170,https://1005.idv.hk/index.php?page=11&p=33
KMB,3N,KMB Dennis Dragon 12m (3N),39,191,https://1005.idv.hk/index.php?page=11&p=39
KMB,3N,KMB Training Fleet,33,170,https://1005.idv.hk/index.php?page=11&p=33
KMB,A,KMB AEC Regent Mk V (A),134,210,https://1005.idv.hk/index.php?page=11&p=134
KMB,AA,KMB Dennis Dart/ Dart SLF (AA),31,71,https://1005.idv.hk/index.php?page=11&p=31
KMB,AA,KMB Training Fleet,33,170,https://1005.idv.hk/index.php?page=11&p=33
KMB,AAS,"KMB Alexander Dennis Enviro 200 Dart (AAS,AAU)",316,41,https://1005.idv.hk/index.php?page=11&p=316
KMB,AAU,"KMB Alexander Dennis Enviro 200 Dart (AAS,AAU)",316,41,https://1005.idv.hk/index.php?page=11&p=316
KMB,AD,KMB Dennis Dragon 11m (A/C) (AD),25,360,https://1005.idv.hk/index.php?page=11&p=25
KMB,AD,KMB Training Fleet,33,170,https://1005.idv.hk/index.php?page=11&p=33
KMB,ADS,KMB Dennis Dragon 9.9m (ADS),29,235,https://1005.idv.hk/index.php?page=11&p=29
KMB,AED,KMB ADL E500EV (AED),432,10,https://1005.idv.hk/index.php?page=11&p=432
KMB,AF,"KMB Dennis Falcon (AF,FD)",32,39,https://1005.idv.hk/index.php?page=11&p=32
KMB,AH,KMB Hino RK176K (AH),34,25,https://1005.idv.hk/index.php?page=11&p=34
KMB,AL,KMB Leyland Olympian 11m (A/C) (AL),26,150,https://1005.idv.hk/index.php?page=11&p=26
KMB,AL,KMB Training Fleet,33,170,https://1005.idv.hk/index.php?page=11&p=33
KMB,AM,KMB Mitsubishi Mk117/217/218 (AM),30,184,https://1005.idv.hk/index.php?page=11&p=30
KMB,AM,KMB Training Fleet,33,170,https://1005.idv.hk/index.php?page=11&p=33
KMB,AMC,KMB VDL DB300 (AMC),345,1,https://1005.idv.hk/index.php?page=11&p=345
KMB,AMN,KMB MAN 24.310 (AMN),4,47,https://1005.idv.hk/index.php?page=11&p=4
KMB,AMNE,"KMB MAN A95 (AMNE,AMNF)",361,22,https://1005.idv.hk/index.php?page=11&p=361
KMB,AMNF,"KMB MAN A95 (AMNE,AMNF)",361,22,https://1005.idv.hk/index.php?page=11&p=361
KMB,AMR,KMB Metrorider (AMR),244,2,https://1005.idv.hk/index.php?page=11&p=244
KMB,AN,KMB Dennis Lance (AN),35,24,https://1005.idv.hk/index.php?page=11&p=35
KMB,AP,KMB Mitsubishi MP618N (AP),37,1,https://1005.idv.hk/index.php?page=11&p=37
KMB,AP,KMB Neoplan Centroliner N4026/N4426 (AP),19,162,https://1005.idv.hk/index.php?page=11&p=19
KMB,APM,KMB Neoman A34 (APM),20,1,https://1005.idv.hk/index.php?page=11&p=20
KMB,AS,KMB Scania N113 (AS),27,22,https://1005.idv.hk/index.php?page=11&p=27
KMB,ASB,KMB Scania K230UB (10.6m) (ASB),296,20,https://1005.idv.hk/index.php?page=11&p=296
KMB,ASC,KMB Scania K230UB 12m (ASC),298,29,https://1005.idv.hk/index.php?page=11&p=298
KMB,ASC,KMB Training Fleet,33,170,https://1005.idv.hk/index.php?page=11&p=33
KMB,ASCU,KMB Scania K230UB 12m (Euro 5) (ASCU),304,1,https://1005.idv.hk/index.php?page=11&p=304
KMB,ASU,KMB Scania K310UD (ASU),274,22,https://1005.idv.hk/index.php?page=11&p=274
KMB,ASUD,KMB Scania K280UD (ASUD),353,2,https://1005.idv.hk/index.php?page=11&p=353
KMB,ASV,KMB Volvo Super Olympian 10.6m (ASV),21,100,https://1005.idv.hk/index.php?page=11&p=21
KMB,AT,KMB Toyota Coaster (AT),36,91,https://1005.idv.hk/index.php?page=11&p=36
KMB,ATE,KMB TransBus Enviro 500 (ATE),1,272,https://1005.idv.hk/index.php?page=11&p=1
KMB,ATEE,KMB Alexander Dennis Enviro 500 (Euro V) (ATEE),295,41,https://1005.idv.hk/index.php?page=11&p=295
KMB,ATEE,KMB Training Fleet,33,170,https://1005.idv.hk/index.php?page=11&p=33
KMB,ATENU,"KMB Alexander Dennis Enviro 500 MMC 12m (ATENU,E5T)",331,876,https://1005.idv.hk/index.php?page=11&p=331
KMB,ATENU,"KMB Alexander Dennis Enviro 500 MMC 12m (New Facelift) (ATENU,TW)",366,850,https://1005.idv.hk/index.php?page=11&p=366
KMB,ATEU,KMB Alexander Dennis Enviro 500 (Euro IV/ Euro V) (ATEU),268,63,https://1005.idv.hk/index.php?page=11&p=268
KMB,ATEU,KMB Training Fleet,33,170,https://1005.idv.hk/index.php?page=11&p=33
KMB,ATH,KMB Alexander Dennis Enviro 500 Hybrid (ATH),346,3,https://1005.idv.hk/index.php?page=11&p=346
KMB,ATR,KMB Dennis Trident 12m (ATR),22,496,https://1005.idv.hk/index.php?page=11&p=22
KMB,ATR,KMB Training Fleet,33,170,https://1005.idv.hk/index.php?page=11&p=33
KMB,ATS,KMB Dennis Trident 10.6m (ATS),18,150,https://1005.idv.hk/index.php?page=11&p=18
KMB,ATSE,KMB Enviro 400 (ATSE),305,51,https://1005.idv.hk/index.php?page=11&p=305
KMB,AV,KMB Training Fleet,33,170,https://1005.idv.hk/index.php?page=11&p=33
KMB,AV,KMB Volvo Olympian 11m (A/C) (AV),28,531,https://1005.idv.hk/index.php?page=11&p=28
KMB,AVBE,KMB Volvo B9TL(Enviro 500 Body) (AVBE),264,96,https://1005.idv.hk/index.php?page=11&p=264
KMB,AVBML,"KMB Volvo B8L (MCV Body) (AVBML,V6B)",405,31,https://1005.idv.hk/index.php?page=11&p=405
KMB,AVBW,KMB Volvo B9TL(Wright Gemini Body) (AVBW),263,64,https://1005.idv.hk/index.php?page=11&p=263
KMB,AVBWL,"KMB Volvo B8L 12m (Wright Body) (AVBWL,V6B,V6P)",390,212,https://1005.idv.hk/index.php?page=11&p=390
KMB,AVBWS,KMB Volvo B9TL 10.4m (2-axle) (AVBWS),313,1,https://1005.idv.hk/index.php?page=11&p=313
KMB,AVBWU,KMB Training Fleet,33,170,https://1005.idv.hk/index.php?page=11&p=33
KMB,AVBWU,KMB Volvo B9TL (Euro 5) Wright Body (AVBWU),307,797,https://1005.idv.hk/index.php?page=11&p=307
KMB,AVC,KMB Training Fleet,33,170,https://1005.idv.hk/index.php?page=11&p=33
KMB,AVC,KMB Volvo B7RLE (AVC),308,70,https://1005.idv.hk/index.php?page=11&p=308
KMB,AVD,KMB Volvo B9TL(Volgren Demo) (AVD),138,2,https://1005.idv.hk/index.php?page=11&p=138
KMB,AVG,KMB Volvo B9TL (Gemilang Body) (AVG),401,3,https://1005.idv.hk/index.php?page=11&p=401
KMB,AVW,KMB Volvo Super Olympian (Wright Explorer Body) (AVW),2,100,https://1005.idv.hk/index.php?page=11&p=2
KMB,AYM,KMB Youngman JNP6122UC (AYM),362,8,https://1005.idv.hk/index.php?page=11&p=362
KMB,AYT,KMB Yutong ZK6128HG1 (AYT),350,1,https://1005.idv.hk/index.php?page=11&p=350
KMB,BDE,"KMB BYD K9A/K9R (BDE,BE)",328,15,https://1005.idv.hk/index.php?page=11&p=328
KMB,BE,"KMB BYD K9A/K9R (BDE,BE)",328,15,https://1005.idv.hk/index.php?page=11&p=328
KMB,BEB,KMB BYD B12A (BEB),421,16,https://1005.idv.hk/index.php?page=11&p=421
KMB,BED,KMB BYD B12D (BED),427,42,https://1005.idv.hk/index.php?page=11&p=427
KMB,BL,KMB Leyland Olympian 9.7m/10.3m (BL),46,123,https://1005.idv.hk/index.php?page=11&p=46
KMB,BL,KMB Training Fleet,33,170,https://1005.idv.hk/index.php?page=11&p=33
KMB,CA,KMB Albion Viking EVK55CL (CA),236,100,https://1005.idv.hk/index.php?page=11&p=236
KMB,CB,KMB Bedford YRQ (CB),237,2,https://1005.idv.hk/index.php?page=11&p=237
KMB,D,KMB Daimler CVG5 (Daimler A) (D),127,150,https://1005.idv.hk/index.php?page=11&p=127
KMB,D,KMB Daimler CVG5DD (Daimler B) (D),128,110,https://1005.idv.hk/index.php?page=11&p=128
KMB,D,KMB Daimler CVG6-30 (Daimler C) (D),129,70,https://1005.idv.hk/index.php?page=11&p=129
KMB,D,KMB Daimler CVG6LX-30 (Daimler F) (D),132,115,https://1005.idv.hk/index.php?page=11&p=132
KMB,D,KMB Daimler CVG6LX-34 (Daimler D) (D),130,20,https://1005.idv.hk/index.php?page=11&p=130
KMB,D,KMB Daimler CVG6LX-34 (Daimler E) (D),131,200,https://1005.idv.hk/index.php?page=11&p=131
KMB,D,KMB Daimler Fleetline (D),133,450,https://1005.idv.hk/index.php?page=11&p=133
KMB,DM,KMB Dennis Dominator (DM),47,40,https://1005.idv.hk/index.php?page=11&p=47
KMB,E5L,"KMB Alexander Dennis Enviro 500 MMC 12.8m (3ATENU,E5L)",342,224,https://1005.idv.hk/index.php?page=11&p=342
KMB,E5T,"KMB Alexander Dennis Enviro 500 MMC 12m (ATENU,E5T)",331,876,https://1005.idv.hk/index.php?page=11&p=331
KMB,E6M,KMB ADL Enviro 500 MMC 11.3m (E6M),413,151,https://1005.idv.hk/index.php?page=11&p=413
KMB,E6T,KMB ADL Enviro 500 MMC 12m (Euro 6) (E6T),396,2,https://1005.idv.hk/index.php?page=11&p=396
KMB,E6X,KMB ADL Enviro 500 MMC 12.8m (Euro 6) (E6X),406,311,https://1005.idv.hk/index.php?page=11&p=406
KMB,FD,"KMB Dennis Falcon (AF,FD)",32,39,https://1005.idv.hk/index.php?page=11&p=32
KMB,G,KMB Guy Victory Mk J (G),182,4,https://1005.idv.hk/index.php?page=11&p=182
KMB,G,KMB Leyland Victory Mk II (G),183,541,https://1005.idv.hk/index.php?page=11&p=183
KMB,L,KMB Albion Chieftain (L),242,34,https://1005.idv.hk/index.php?page=11&p=242
KMB,L,KMB Albion Victor (L),125,195,https://1005.idv.hk/index.php?page=11&p=125
KMB,L,KMB Albion Viking (L),238,80,https://1005.idv.hk/index.php?page=11&p=238
KMB,L,KMB Albion Viking EVK41L (L),239,4,https://1005.idv.hk/index.php?page=11&p=239
KMB,M,KMB MCW Metrobus 9.7m (M),44,88,https://1005.idv.hk/index.php?page=11&p=44
KMB,M6EX,"KMB MAN A95 12.8m (M6EX,M6FX)",423,7,https://1005.idv.hk/index.php?page=11&p=423
KMB,M6FX,"KMB MAN A95 12.8m (M6EX,M6FX)",423,7,https://1005.idv.hk/index.php?page=11&p=423
KMB,ME,KMB Mercedes Benz O305 (ME),48,41,https://1005.idv.hk/index.php?page=11&p=48
KMB,N,KMB Dennis Jubilant (N),184,364,https://1005.idv.hk/index.php?page=11&p=184
KMB,S,KMB Seddon Pennine 4 (S),126,93,https://1005.idv.hk/index.php?page=11&p=126
KMB,S3BL,KMB Leyland Olympian 11m (S3BL),40,472,https://1005.idv.hk/index.php?page=11&p=40
KMB,S3BL,KMB Training Fleet,33,170,https://1005.idv.hk/index.php?page=11&p=33
KMB,S3M,KMB MCW Metrobus 11m (S3M),41,255,https://1005.idv.hk/index.php?page=11&p=41
KMB,S3N,KMB Dennis Dragon 11m (S3N),42,372,https://1005.idv.hk/index.php?page=11&p=42
KMB,S3V,KMB Volvo Olympian 11m (S3V),43,30,https://1005.idv.hk/index.php?page=11&p=43
KMB,TW,"KMB Alexander Dennis Enviro 500 MMC 12m (New Facelift) (ATENU,TW)",366,850,https://1005.idv.hk/index.php?page=11&p=366
KMB,V6B,"KMB Volvo B8L (MCV Body) (AVBML,V6B)",405,31,https://1005.idv.hk/index.php?page=11&p=405
KMB,V6B,"KMB Volvo B8L 12m (Wright Body) (AVBWL,V6B,V6P)",390,212,https://1005.idv.hk/index.php?page=11&p=390
KMB,V6P,"KMB Volvo B8L 12m (Wright Body) (AVBWL,V6B,V6P)",390,212,https://1005.idv.hk/index.php?page=11&p=390
KMB,V6PX,"KMB Volvo B8L 12.8m (V6PX,V6X)",414,184,https://1005.idv.hk/index.php?page=11&p=414
KMB,V6X,"KMB Volvo B8L 12.8m (V6PX,V6X)",414,184,https://1005.idv.hk/index.php?page=11&p=414
KMB,VMD,KMB Volvo B10MD (VMD),210,1,https://1005.idv.hk/index.php?page=11&p=210
KMB,W6S,KMB Wrightbus StreetDeck (W6S),407,1,https://1005.idv.hk/index.php?page=11&p=407
LWB,,LWB ADL Enviro 500 MMC (95),336,47,https://1005.idv.hk/index.php?page=11&p=336
LWB,,"LWB ADL Enviro 500 MMC Coach Version (55,65)",356,81,https://1005.idv.hk/index.php?page=11&p=356
LWB,,"LWB Alexander Dennis Enviro 500 (Coach Version) (6,64)",269,3,https://1005.idv.hk/index.php?page=11&p=269
LWB,,LWB Alexander Dennis Enviro 500 12.8m (25),393,10,https://1005.idv.hk/index.php?page=11&p=393
LWB,,LWB Alexander Dennis Enviro 500 12.8m Coach (15),380,51,https://1005.idv.hk/index.php?page=11&p=380
LWB,,LWB Dennis Lance (9),114,10,https://1005.idv.hk/index.php?page=11&p=114
LWB,,"LWB Dennis Trident 12m (ALX Body) (1,2)",111,125,https://1005.idv.hk/index.php?page=11&p=111
LWB,,LWB Dennis Trident 12m Coach (ALX Body) (5),113,25,https://1005.idv.hk/index.php?page=11&p=113
LWB,,LWB Volvo B9TL Coach (4),76,1,https://1005.idv.hk/index.php?page=11&p=76
LWB,AE6X,LWB ADL Enviro 500 MMC Coach (Euro 6) (AE6X),437,20,https://1005.idv.hk/index.php?page=11&p=437
LWB,ATEU,"LWB Alexander Dennis Enviro 500 (8,84)",266,78,https://1005.idv.hk/index.php?page=11&p=266
LWB,ATR,LWB Dennis Trident 12m (Duple Metsec Body) (3),112,4,https://1005.idv.hk/index.php?page=11&p=112
LWB,AV6B,LWB Volvo B8L 12m Coach (AV6B),443,10,https://1005.idv.hk/index.php?page=11&p=443
LWB,AV6X,LWB Volvo B8L 12.8m Coach (AV6X),435,3,https://1005.idv.hk/index.php?page=11&p=435
LWB,AVBE,LWB Volvo B9TL (7),81,18,https://1005.idv.hk/index.php?page=11&p=81
LWB,LW,LWB Volvo Olympian 12m (LW),9,10,https://1005.idv.hk/index.php?page=11&p=9
LWB,SE,LWB BYD K9R (SE),389,4,https://1005.idv.hk/index.php?page=11&p=389
LWB,UE6X,LWB ADL Enviro 500 MMC 12.8m (Euro 6) (UE6X),416,90,https://1005.idv.hk/index.php?page=11&p=416
LWB,UV6X,LWB Volvo B8L 12.8m (UV6X),417,75,https://1005.idv.hk/index.php?page=11&p=417
MTR,,MTR Alexander Dennis Enviro 200 Dart (9),291,11,https://1005.idv.hk/index.php?page=11&p=291
MTR,,MTR Alexander Dennis Enviro 500 11.3m (8),323,9,https://1005.idv.hk/index.php?page=11&p=323
MTR,,MTR Alexander Dennis Enviro 500 12m (8),278,24,https://1005.idv.hk/index.php?page=11&p=278
MTR,,MTR Alexander Dennis Enviro 500 MMC 11.3m (5),334,47,https://1005.idv.hk/index.php?page=11&p=334
MTR,,MTR Alexander Dennis Enviro 500 MMC 12m,418,3,https://1005.idv.hk/index.php?page=11&p=418
MTR,,MTR Dennis Dart (5),282,3,https://1005.idv.hk/index.php?page=11&p=282
MTR,,MTR Dennis Trident (2nd hand) (7),284,47,https://1005.idv.hk/index.php?page=11&p=284
MTR,,MTR Dennis Trident 11.3m (6),283,28,https://1005.idv.hk/index.php?page=11&p=283
MTR,,MTR Enviro 400 (1),321,11,https://1005.idv.hk/index.php?page=11&p=321
MTR,,MTR Leyland Olympian 11m (2),279,24,https://1005.idv.hk/index.php?page=11&p=279
MTR,,MTR Mitsubishi Mk218 (3),281,11,https://1005.idv.hk/index.php?page=11&p=281
MTR,,MTR Volvo B10M (4),285,15,https://1005.idv.hk/index.php?page=11&p=285
MTR,,MTR Volvo B9TL (3),375,68,https://1005.idv.hk/index.php?page=11&p=375
MTR,,MTR Volvo Olympian 11m (2),280,15,https://1005.idv.hk/index.php?page=11&p=280
MTR,Z,MTR ADL E500EV (Z),434,34,https://1005.idv.hk/index.php?page=11&p=434
NHKB,,NHKB Dennis Dart,106,11,https://1005.idv.hk/index.php?page=11&p=106
NHKB,,NHKB Hino Coach,265,0,https://1005.idv.hk/index.php?page=11&p=265
NHKB,,NHKB MAN 18.320,315,9,https://1005.idv.hk/index.php?page=11&p=315
NHKB,,NHKB MAN NL-263,105,14,https://1005.idv.hk/index.php?page=11&p=105
NHKB,,NHKB MAN NL323,330,20,https://1005.idv.hk/index.php?page=11&p=330
NHKB,,NHKB Scania L94UB,107,3,https://1005.idv.hk/index.php?page=11&p=107
NHKB,,NHKB Volvo B7RLE,108,12,https://1005.idv.hk/index.php?page=11&p=108
NLB,,NLB Benz Bus Fleet (BENZ),203,1,https://1005.idv.hk/index.php?page=11&p=203
NLB,,NLB Commer KCB3023,234,3,https://1005.idv.hk/index.php?page=11&p=234
NLB,,NLB MAN 24.350,261,1,https://1005.idv.hk/index.php?page=11&p=261
NLB,,NLB Volvo B8L 12m,449,18,https://1005.idv.hk/index.php?page=11&p=449
NLB,AD,NLB ADL Enviro 400 (AD),400,14,https://1005.idv.hk/index.php?page=11&p=400
NLB,BE,NLB BYD K9,397,5,https://1005.idv.hk/index.php?page=11&p=397
NLB,DLS,NLB Dodge RGI5 (DLS),232,11,https://1005.idv.hk/index.php?page=11&p=232
NLB,DN,NLB Dennis Dart SLF (DN),204,3,https://1005.idv.hk/index.php?page=11&p=204
NLB,DN,NLB Dennis Trident 12m (DN),338,2,https://1005.idv.hk/index.php?page=11&p=338
NLB,DSS,NLB Dodge KC40 (DSS),233,3,https://1005.idv.hk/index.php?page=11&p=233
NLB,ILS,NLB ISUZU JCR460 (ILS),202,5,https://1005.idv.hk/index.php?page=11&p=202
NLB,ILS,NLB ISUZU LT132L (ILS),271,46,https://1005.idv.hk/index.php?page=11&p=271
NLB,ILS,NLB ISUZU LT133L (ILS),272,10,https://1005.idv.hk/index.php?page=11&p=272
NLB,ILS,NLB ISUZU LV423R (ILS),273,9,https://1005.idv.hk/index.php?page=11&p=273
NLB,ILS,"NLB ISUZU MT112K, MT112L (ILS)",270,69,https://1005.idv.hk/index.php?page=11&p=270
NLB,LD,NLB Leyland Victory Mk II (LD),208,15,https://1005.idv.hk/index.php?page=11&p=208
NLB,MD,"NLB MAN A95 (MD,MDR)",370,44,https://1005.idv.hk/index.php?page=11&p=370
NLB,MDR,"NLB MAN A95 (MD,MDR)",370,44,https://1005.idv.hk/index.php?page=11&p=370
NLB,MDRS,NLB MAN A95 11.7m (MDRS),426,11,https://1005.idv.hk/index.php?page=11&p=426
NLB,MG,NLB MAN RR8 (MN),430,20,https://1005.idv.hk/index.php?page=11&p=430
NLB,MN,NLB MAN 18.310 (MN),70,49,https://1005.idv.hk/index.php?page=11&p=70
NLB,MN,NLB MAN LE 19.320 (MN),365,4,https://1005.idv.hk/index.php?page=11&p=365
NLB,MN,NLB MAN NL-262 (MN),262,5,https://1005.idv.hk/index.php?page=11&p=262
NLB,MN,NLB MAN NL-263 (MN),205,9,https://1005.idv.hk/index.php?page=11&p=205
NLB,MN,NLB MAN NL-273 (MN),286,10,https://1005.idv.hk/index.php?page=11&p=286
NLB,MN,NLB MAN R33 (MN),387,7,https://1005.idv.hk/index.php?page=11&p=387
NLB,MN,NLB MAN RR2 (MN),431,2,https://1005.idv.hk/index.php?page=11&p=431
NLB,MN,NLB MAN RR8 (MN),430,20,https://1005.idv.hk/index.php?page=11&p=430
NLB,MN,NLB Man A91 (MN),60,35,https://1005.idv.hk/index.php?page=11&p=60
NLB,MS,NLB Mitsubishi Rosa BE437F (MS),289,3,https://1005.idv.hk/index.php?page=11&p=289
NLB,MS,NLB Mitsubishi Rosa BE439F (MS),206,4,https://1005.idv.hk/index.php?page=11&p=206
NLB,MS,NLB Mitsubishi Rosa BE649J (MS),290,9,https://1005.idv.hk/index.php?page=11&p=290
NLB,TCM,"NLB Toyota Coaster (TCM,TY)",207,6,https://1005.idv.hk/index.php?page=11&p=207
NLB,TY,"NLB Toyota Coaster (TCM,TY)",207,6,https://1005.idv.hk/index.php?page=11&p=207
NLB,VL,NLB Volvo B6LE (VL),276,6,https://1005.idv.hk/index.php?page=11&p=276
NLB,YM,NLB YoungMan JNP6122GR1 (YM),310,24,https://1005.idv.hk/index.php?page=11&p=310
NWFB,,NWFB ADL Enviro 200 MMC (25),394,5,https://1005.idv.hk/index.php?page=11&p=394
NWFB,,"NWFB ADL Enviro 400 10.4m (315,38)",386,140,https://1005.idv.hk/index.php?page=11&p=386
NWFB,,"NWFB ADL Enviro 500 MMC 12.8m (61,611,612,62)",384,152,https://1005.idv.hk/index.php?page=11&p=384
NWFB,,NWFB Alexander Dennis Enviro 500 11.3m (40),299,77,https://1005.idv.hk/index.php?page=11&p=299
NWFB,,"NWFB Alexander Dennis Enviro 500 12m (2,55,599)",287,136,https://1005.idv.hk/index.php?page=11&p=287
NWFB,,NWFB Alexander Dennis Enviro 500 Hybrid (56),348,1,https://1005.idv.hk/index.php?page=11&p=348
NWFB,,"NWFB Alexander Dennis Enviro 500 MMC 11.3m (40,499,8)",337,100,https://1005.idv.hk/index.php?page=11&p=337
NWFB,,"NWFB Alexander Dennis Enviro 500 MMC 12m (55,56,57,58)",351,498,https://1005.idv.hk/index.php?page=11&p=351
NWFB,,NWFB BYD K9R (20),371,2,https://1005.idv.hk/index.php?page=11&p=371
NWFB,,NWFB Dennis Dart SLF 10.1m (20),6,34,https://1005.idv.hk/index.php?page=11&p=6
NWFB,,NWFB Dennis Dart SLF 10.7m (20),5,42,https://1005.idv.hk/index.php?page=11&p=5
NWFB,,NWFB Dennis Trident (Duple Metsec Body) (30),49,66,https://1005.idv.hk/index.php?page=11&p=49
NWFB,,NWFB Dennis Trident 10.3m (33),50,63,https://1005.idv.hk/index.php?page=11&p=50
NWFB,,NWFB Dennis Trident 10.6m (16),15,64,https://1005.idv.hk/index.php?page=11&p=15
NWFB,,NWFB Dennis Trident 10.6m (Duple Metsec Body) (36),16,2,https://1005.idv.hk/index.php?page=11&p=16
NWFB,,NWFB Dennis Trident 11.3m (14),14,37,https://1005.idv.hk/index.php?page=11&p=14
NWFB,,"NWFB Dennis Trident 12m (10,11)",13,204,https://1005.idv.hk/index.php?page=11&p=13
NWFB,,NWFB Dennis Trident 12m (Euro III) (12),12,21,https://1005.idv.hk/index.php?page=11&p=12
NWFB,,NWFB MAN A95 12.8m (60),377,3,https://1005.idv.hk/index.php?page=11&p=377
NWFB,,NWFB Neoplan Centroliner (60),17,34,https://1005.idv.hk/index.php?page=11&p=17
NWFB,,"NWFB Volvo B8L (52,521,88)",409,19,https://1005.idv.hk/index.php?page=11&p=409
NWFB,,NWFB Volvo B9TL 11.3m (45),358,55,https://1005.idv.hk/index.php?page=11&p=358
NWFB,,NWFB Volvo B9TL 12m (52),382,70,https://1005.idv.hk/index.php?page=11&p=382
NWFB,,NWFB Volvo Super Olympian 12m (50),51,108,https://1005.idv.hk/index.php?page=11&p=51
NWFB,,NWFB Yixing Great Dragon SDL6120EVG (20),379,2,https://1005.idv.hk/index.php?page=11&p=379
NWFB,,NWFB Youngman JNP6120 (26),359,8,https://1005.idv.hk/index.php?page=11&p=359
NWFB,DA,NWFB Dennis Condor/ Dragon (DA),52,101,https://1005.idv.hk/index.php?page=11&p=52
NWFB,DC,NWFB Dennis Dart (DC),55,22,https://1005.idv.hk/index.php?page=11&p=55
NWFB,DL,NWFB Dennis Condor 12m (DL),119,48,https://1005.idv.hk/index.php?page=11&p=119
NWFB,DM,NWFB Dennis Condor 11m (DM),56,29,https://1005.idv.hk/index.php?page=11&p=56
NWFB,DS,NWFB Dennis Jubilant (DS),120,29,https://1005.idv.hk/index.php?page=11&p=120
NWFB,LA,NWFB Leyland Olympian 11m (A/C) (LA),53,25,https://1005.idv.hk/index.php?page=11&p=53
NWFB,LF,NWFB Daimler/ Leyland Fleetline (LF),122,72,https://1005.idv.hk/index.php?page=11&p=122
NWFB,LM,NWFB Leyland Olympian 11m (LM),121,10,https://1005.idv.hk/index.php?page=11&p=121
NWFB,LV,NWFB Leyland Victory II (LV),124,164,https://1005.idv.hk/index.php?page=11&p=124
NWFB,MB,NWFB MCW Metrobus 11m (MB),117,40,https://1005.idv.hk/index.php?page=11&p=117
NWFB,MC,NWFB MCW Metrobus 9.7m (MC),57,10,https://1005.idv.hk/index.php?page=11&p=57
NWFB,ML,NWFB MCW Metrobus 12m (ML),118,84,https://1005.idv.hk/index.php?page=11&p=118
NWFB,SF,NWFB Leyland Fleetline (SF),123,29,https://1005.idv.hk/index.php?page=11&p=123
NWFB,T,NWFB Training Fleet (T1),243,8,https://1005.idv.hk/index.php?page=11&p=243
NWFB,VA,NWFB Volvo Olympian 11m / 12m (VA),54,78,https://1005.idv.hk/index.php?page=11&p=54
NWS,T,NWS Training Fleet (T),314,41,https://1005.idv.hk/index.php?page=11&p=314
PITCL,,PITCL ADL Enviro 200 Dart,376,9,https://1005.idv.hk/index.php?page=11&p=376
PITCL,,PITCL Alexander Dennis Enviro 500 (Euro V),447,5,https://1005.idv.hk/index.php?page=11&p=447
PITCL,,PITCL Alexander Dennis Super Pointer Dart (Coach Version),275,3,https://1005.idv.hk/index.php?page=11&p=275
PITCL,,PITCL BYD CK6120LLEV,425,2,https://1005.idv.hk/index.php?page=11&p=425
PITCL,,PITCL CRRC TEG6125EUBEV01,441,2,https://1005.idv.hk/index.php?page=11&p=441
PITCL,,PITCL Dennis Dart SLF (1),109,7,https://1005.idv.hk/index.php?page=11&p=109
PITCL,,PITCL Designline Olymbus,110,3,https://1005.idv.hk/index.php?page=11&p=110
PITCL,,PITCL Guangtong GTK6129BEVB,446,1,https://1005.idv.hk/index.php?page=11&p=446
PITCL,,PITCL Higer KLQ6119,422,1,https://1005.idv.hk/index.php?page=11&p=422
PITCL,,PITCL Isuzu LT133L,302,1,https://1005.idv.hk/index.php?page=11&p=302
PITCL,,PITCL Isuzu LT134P (9),325,1,https://1005.idv.hk/index.php?page=11&p=325
PITCL,,PITCL Kinglong XMQ6127 (9),327,1,https://1005.idv.hk/index.php?page=11&p=327
PITCL,,PITCL Kinglong XMQ6803H,412,2,https://1005.idv.hk/index.php?page=11&p=412
PITCL,,PITCL Lion Bus LBC6101,301,4,https://1005.idv.hk/index.php?page=11&p=301
PITCL,,PITCL MAN NL323,341,2,https://1005.idv.hk/index.php?page=11&p=341
PITCL,,PITCL MAN RR8,428,4,https://1005.idv.hk/index.php?page=11&p=428
PITCL,,PITCL Man A51 (9),332,1,https://1005.idv.hk/index.php?page=11&p=332
PITCL,,PITCL Scania K94IB 4x2,369,1,https://1005.idv.hk/index.php?page=11&p=369
PITCL,,PITCL Sunlong SLK6102,372,1,https://1005.idv.hk/index.php?page=11&p=372
PITCL,,PITCL Sunlong SLK6102,436,1,https://1005.idv.hk/index.php?page=11&p=436
PITCL,,PITCL Sunlong SLK6112,368,5,https://1005.idv.hk/index.php?page=11&p=368
PITCL,,PITCL Toyota Coaster,219,4,https://1005.idv.hk/index.php?page=11&p=219
PITCL,,PITCL TransBus Super Pointer Dart (1),198,10,https://1005.idv.hk/index.php?page=11&p=198
PITCL,,PITCL Volvo B7RLE,440,2,https://1005.idv.hk/index.php?page=11&p=440
PITCL,,PITCL YoungMan JNP6122GR2 (3),311,8,https://1005.idv.hk/index.php?page=11&p=311
PITCL,,PITCL Yutong ZK6100H (9),324,3,https://1005.idv.hk/index.php?page=11&p=324
PITCL,,PITCL Yutong ZK6119HC (9),326,2,https://1005.idv.hk/index.php?page=11&p=326
Reserved,,Reserved,79,0,https://1005.idv.hk/index.php?page=11&p=79
Shandong,DBAY,Shandong Yixing Great Dragon SDL6120EVG,347,2,https://1005.idv.hk/index.php?page=11&p=347
Stagecoach,,Stagecoach Volvo Olympian,218,6,https://1005.idv.hk/index.php?page=11&p=218
Stagecoach,3L,Stagecoach Volvo B10M,217,5,https://1005.idv.hk/index.php?page=11&p=217
Stagecoach,4L,Stagecoach Volvo B10M,217,5,https://1005.idv.hk/index.php?page=11&p=217
Stagecoach,5L,Stagecoach Volvo B10M,217,5,https://1005.idv.hk/index.php?page=11&p=217
Sun,,Sun Bus Dennis Trident 12m,373,5,https://1005.idv.hk/index.php?page=11&p=373
Sun,,Sun Bus MAN NL323 (Borrow from NHKB),411,7,https://1005.idv.hk/index.php?page=11&p=411
Sun,,Sun Bus Neoplan Centroliner,410,2,https://1005.idv.hk/index.php?page=11&p=410
Sun,,Sun Bus Wright Streetdeck,415,5,https://1005.idv.hk/index.php?page=11&p=415
SunBus,,SunBus Volvo B7RLE,433,6,https://1005.idv.hk/index.php?page=11&p=433
Weisheit,,Weisheit VV12HR,429,2,https://1005.idv.hk/index.php?page=11&p=429
Weisheit,,Weisheit WSD6121BR1EV,420,3,https://1005.idv.hk/index.php?page=11&p=420
XXX,,XXX,74,0,https://1005.idv.hk/index.php?page=11&p=74
